{
  "name": "Gold bug QAQ",
  "ip": "192.168.1.1:49505",
  "uuid": "504d3dd5-7561-33bc-912c-075d853b0b11",
  "xuid": "2535463699266808",
  "xyz": {
    "x": 1006.2869873046875,
    "y": 1.6200100183486938,
    "z": 1020.2099609375
  },
  "scores": {
    "dj": 10,
    "jy": 0,
    "rw": 0,
    "rwa": 0,
    "ls": 0,
    "yj": 0,
    "jq": 0,
    "jqa": 0,
    "tdqw": 1,
    "tdqw2": 0,
    "tdqw3": 0,
    "tdqw4": 0,
    "gf": 301,
    "day": 0,
    "uuid": 0
  }
}