{
  "name": "Gold bug QAQ",
  "ip": "127.0.0.1:49179",
  "uuid": "504d3dd5-7561-33bc-912c-075d853b0b11",
  "xuid": "2535463699266808",
  "xyz": {
    "x": 1017.8732299804688,
    "y": 2.5700104236602783,
    "z": 1021.9276733398438
  },
  "scores": {
    "dj": 4,
    "jy": 0,
    "rw": 3,
    "rwa": 28,
    "ls": 100,
    "yj": 210,
    "jq": 54,
    "jqa": 54,
    "tdqw": 0,
    "tdqw2": 0,
    "tdqw3": 0,
    "tdqw4": 0,
    "gf": 301,
    "day": 10,
    "uuid": 8
  }
}