{
  "name": "looprety",
  "ip": "2408:8207:6c72:e690:672b:f909:30aa:d7dc:56068",
  "uuid": "9d77459e-bc0b-3fb2-80d8-d4dc7bd25aff",
  "xuid": "",
  "xyz": {
    "x": 202.59207153320312,
    "y": 60.62001037597656,
    "z": 201.11279296875
  },
  "scores": {
    "dj": 10,
    "jy": 0,
    "rw": 0,
    "rwa": 0,
    "ls": 0,
    "yj": 0,
    "jq": 0,
    "jqa": 0,
    "tdqw": 1,
    "tdqw2": 0,
    "tdqw3": 0,
    "tdqw4": 0,
    "gf": 301,
    "day": 0,
    "uuid": 0
  }
}